Month,Forecasted_Monthly_Sales,SKU_ID
2025-04-30,-2004.0605440052432,SKU001
2025-05-31,-464.8555346458745,SKU001
2025-06-30,2009.046265909289,SKU001
2025-07-31,-257.8343972403283,SKU001
2025-08-31,1813.539805382199,SKU001
2025-09-30,-699.0471609689508,SKU001
2025-10-31,111.75143310800786,SKU001
2025-11-30,3567.1788229624844,SKU001
2025-12-31,952.4936770352821,SKU001
2026-01-31,1455.420451203424,SKU001
2026-02-28,1598.6575546301228,SKU001
2026-03-31,1513.61626504045,SKU001
2025-04-30,-448.84247782830676,SKU002
2025-05-31,1228.941487533657,SKU002
2025-06-30,-1937.729826655123,SKU002
2025-07-31,5632.437183604843,SKU002
2025-08-31,1248.159651753193,SKU002
2025-09-30,-2298.8502218895146,SKU002
2025-10-31,2030.883857729947,SKU002
2025-11-30,619.33420607592,SKU002
2025-12-31,-1370.633676306211,SKU002
2026-01-31,1010.6907769116876,SKU002
2026-02-28,1031.1269123611298,SKU002
2026-03-31,922.7580336034271,SKU002
2025-04-30,589.990612596288,SKU003
2025-05-31,3564.513858905475,SKU003
2025-06-30,2286.089855479315,SKU003
2025-07-31,-1560.608105434591,SKU003
2025-08-31,2231.8617187067252,SKU003
2025-09-30,-674.203029600322,SKU003
2025-10-31,3772.522042377408,SKU003
2025-11-30,4597.428250210092,SKU003
2025-12-31,2436.7505048208186,SKU003
2026-01-31,2623.44298725321,SKU003
2026-02-28,2744.384540547424,SKU003
2026-03-31,2651.3550664058716,SKU003
2025-04-30,-1252.114250409768,SKU004
2025-05-31,-2845.633975153503,SKU004
2025-06-30,-3430.9353505283393,SKU004
2025-07-31,-3078.7949022040243,SKU004
2025-08-31,-2921.9481593710398,SKU004
2025-09-30,-1343.4771233010676,SKU004
2025-10-31,-704.9750763728998,SKU004
2025-11-30,-3604.664861064172,SKU004
2025-12-31,-3106.5657575074265,SKU004
2026-01-31,-3253.7794150782756,SKU004
2026-02-28,-3207.5234899331817,SKU004
2026-03-31,-3224.0427102808703,SKU004
2025-04-30,-3822.8051127802273,SKU005
2025-05-31,-2452.882205881814,SKU005
2025-06-30,-580.0146974568913,SKU005
2025-07-31,-946.1400455984146,SKU005
2025-08-31,-2915.812239608091,SKU005
2025-09-30,-4911.121156145469,SKU005
2025-10-31,7108.382214005535,SKU005
2025-11-30,3985.2683834032423,SKU005
2025-12-31,-2831.6150249369225,SKU005
2026-01-31,-460.16427572403154,SKU005
2026-02-28,-365.60675484393437,SKU005
2026-03-31,-486.9991298401832,SKU005
2025-04-30,1954.9984955043665,SKU006
2025-05-31,544.4131993071635,SKU006
2025-06-30,223.34103082925844,SKU006
2025-07-31,723.743548786256,SKU006
2025-08-31,537.00034093355,SKU006
2025-09-30,3763.647073954712,SKU006
2025-10-31,523.1180385039368,SKU006
2025-11-30,2632.017362191055,SKU006
2025-12-31,3016.238602805751,SKU006
2026-01-31,2401.9636156615024,SKU006
2026-02-28,2330.33564484449,SKU006
2026-03-31,2400.7052742120795,SKU006
2025-04-30,840.5248192159404,SKU007
2025-05-31,-744.3628220894664,SKU007
2025-06-30,-1474.0990551088053,SKU007
2025-07-31,-496.7190699353543,SKU007
2025-08-31,-898.5170510820865,SKU007
2025-09-30,498.2679361711722,SKU007
2025-10-31,-708.1346795977844,SKU007
2025-11-30,-2609.9787160772685,SKU007
2025-12-31,-1658.8209432337285,SKU007
2026-01-31,-774.0560137131744,SKU007
2026-02-28,-756.2275531392584,SKU007
2026-03-31,-774.1792805769019,SKU007
2025-04-30,-1971.608082563313,SKU008
2025-05-31,761.4537681490592,SKU008
2025-06-30,-382.3991514147101,SKU008
2025-07-31,3288.6108735328735,SKU008
2025-08-31,5598.712670627723,SKU008
2025-09-30,5712.117860931787,SKU008
2025-10-31,3077.908027551372,SKU008
2025-11-30,-2424.6690615136104,SKU008
2025-12-31,2547.5102677450877,SKU008
2026-01-31,3702.5636113286955,SKU008
2026-02-28,3669.741523054072,SKU008
2026-03-31,3673.3131287168467,SKU008
2025-04-30,3071.725041262299,SKU009
2025-05-31,1079.3355854937063,SKU009
2025-06-30,542.9743501367684,SKU009
2025-07-31,-1955.9123958933578,SKU009
2025-08-31,1409.2156000717896,SKU009
2025-09-30,1145.7419690402398,SKU009
2025-10-31,6786.3683337228,SKU009
2025-11-30,1257.1628700927222,SKU009
2025-12-31,-3623.2980453120954,SKU009
2026-01-31,1344.5009918140292,SKU009
2026-02-28,1382.083000520227,SKU009
2026-03-31,1301.7130813246176,SKU009
2025-04-30,-205.29112519351963,SKU010
2025-05-31,-1555.213383754436,SKU010
2025-06-30,-566.8052946101091,SKU010
2025-07-31,608.0616838018718,SKU010
2025-08-31,-2617.2685354783866,SKU010
2025-09-30,1434.567764686939,SKU010
2025-10-31,-1651.145896390036,SKU010
2025-11-30,-1587.582119305513,SKU010
2025-12-31,-2578.069119571818,SKU010
2026-01-31,-1433.7529455868769,SKU010
2026-02-28,-1500.4886530615777,SKU010
2026-03-31,-1397.830190584717,SKU010
2025-04-30,-1157.9592022589216,SKU011
2025-05-31,7235.192603286017,SKU011
2025-06-30,185.40999244208047,SKU011
2025-07-31,5117.229564295243,SKU011
2025-08-31,1421.2513631097536,SKU011
2025-09-30,2728.81930134068,SKU011
2025-10-31,5997.506436369165,SKU011
2025-11-30,2960.796685466333,SKU011
2025-12-31,3579.1464968513974,SKU011
2026-01-31,6018.126969465956,SKU011
2026-02-28,6037.5334393253515,SKU011
2026-03-31,6107.835913077915,SKU011
2025-04-30,3472.6556451127144,SKU012
2025-05-31,965.7596675470124,SKU012
2025-06-30,-3496.9078375638824,SKU012
2025-07-31,2391.307075172513,SKU012
2025-08-31,4838.606180361059,SKU012
2025-09-30,4392.788326965074,SKU012
2025-10-31,4730.775185465872,SKU012
2025-11-30,4010.9182412152827,SKU012
2025-12-31,2260.982939291944,SKU012
2026-01-31,5243.695819206208,SKU012
2026-02-28,5108.645087725949,SKU012
2026-03-31,5151.226547645087,SKU012
2025-04-30,-6539.777963914522,SKU013
2025-05-31,818.4711796144057,SKU013
2025-06-30,2081.436374770205,SKU013
2025-07-31,336.2642033659786,SKU013
2025-08-31,-5727.957543542893,SKU013
2025-09-30,2742.6888136166103,SKU013
2025-10-31,706.8222067302579,SKU013
2025-11-30,-451.0055606382613,SKU013
2025-12-31,2338.8086373699775,SKU013
2026-01-31,1395.1882248122529,SKU013
2026-02-28,1319.967387855485,SKU013
2026-03-31,1539.3905725410325,SKU013
2025-04-30,1184.613279766316,SKU014
2025-05-31,-4553.442861809006,SKU014
2025-06-30,-3103.4779383133814,SKU014
2025-07-31,-4567.999104220975,SKU014
2025-08-31,-1790.235699205076,SKU014
2025-09-30,-4031.8591551086606,SKU014
2025-10-31,-1142.9654591705985,SKU014
2025-11-30,-6983.880292634278,SKU014
2025-12-31,-1908.2725739536781,SKU014
2026-01-31,-4468.2751151289995,SKU014
2026-02-28,-4536.980313972077,SKU014
2026-03-31,-4543.037718729197,SKU014
2025-04-30,2145.963013486682,SKU015
2025-05-31,2186.379145033443,SKU015
2025-06-30,-1414.0671127110586,SKU015
2025-07-31,-882.2023418319013,SKU015
2025-08-31,1558.877439616635,SKU015
2025-09-30,4534.782181860255,SKU015
2025-10-31,2421.031185331885,SKU015
2025-11-30,1894.830511289265,SKU015
2025-12-31,4058.806926386349,SKU015
2026-01-31,3479.4757790472595,SKU015
2026-02-28,3446.27334760638,SKU015
2026-03-31,3531.5120207341565,SKU015
2025-04-30,253.52833527030418,SKU016
2025-05-31,710.0980121612745,SKU016
2025-06-30,-203.1033294190043,SKU016
2025-07-31,-1902.5615981805347,SKU016
2025-08-31,698.6445917698873,SKU016
2025-09-30,-3054.5191428963826,SKU016
2025-10-31,-1861.7197371337265,SKU016
2025-11-30,-656.2593012274468,SKU016
2025-12-31,-1117.5957430288063,SKU016
2026-01-31,-616.8320806119942,SKU016
2026-02-28,-572.4329575875577,SKU016
2026-03-31,-599.1235599433697,SKU016
2025-04-30,-3786.4404801798773,SKU017
2025-05-31,-1035.1776436351674,SKU017
2025-06-30,6149.43560151261,SKU017
2025-07-31,2220.088710045129,SKU017
2025-08-31,1363.9564172011467,SKU017
2025-09-30,2907.4546002107663,SKU017
2025-10-31,1088.1418187070176,SKU017
2025-11-30,2231.906804155628,SKU017
2025-12-31,609.6631819812235,SKU017
2026-01-31,2382.703612016661,SKU017
2026-02-28,2257.61911963896,SKU017
2026-03-31,2236.4511972492205,SKU017
2025-04-30,-1842.6545569014131,SKU018
2025-05-31,548.3874959630691,SKU018
2025-06-30,1375.6445411330178,SKU018
2025-07-31,2186.1517516298095,SKU018
2025-08-31,-1560.969209347217,SKU018
2025-09-30,1978.6078805943446,SKU018
2025-10-31,2014.6933269856675,SKU018
2025-11-30,-1245.9404717596842,SKU018
2025-12-31,-2235.0981506456988,SKU018
2026-01-31,299.54364388130506,SKU018
2026-02-28,188.7586080216218,SKU018
2026-03-31,327.93206873496973,SKU018
2025-04-30,205.22027826305205,SKU019
2025-05-31,3113.4851564868313,SKU019
2025-06-30,-187.11933341067413,SKU019
2025-07-31,435.18568457667476,SKU019
2025-08-31,1442.5679065990648,SKU019
2025-09-30,183.0862686277361,SKU019
2025-10-31,1990.3557820405829,SKU019
2025-11-30,-1317.0137787378565,SKU019
2025-12-31,1682.5950445305473,SKU019
2026-01-31,1894.352640412087,SKU019
2026-02-28,1739.334411376643,SKU019
2026-03-31,1888.3297718548495,SKU019
2025-04-30,-892.933043416759,SKU020
2025-05-31,522.4970426839982,SKU020
2025-06-30,-695.2253724323945,SKU020
2025-07-31,1186.2086363244935,SKU020
2025-08-31,-682.1645922168447,SKU020
2025-09-30,-168.068579436953,SKU020
2025-10-31,-1175.0722143121081,SKU020
2025-11-30,237.18540247963364,SKU020
2025-12-31,668.3259063968126,SKU020
2026-01-31,395.2963634886188,SKU020
2026-02-28,391.2442779764074,SKU020
2026-03-31,397.4958660164282,SKU020
2025-04-30,-3543.06299932355,SKU021
2025-05-31,-1530.597294429701,SKU021
2025-06-30,4128.148319027794,SKU021
2025-07-31,1339.339058266715,SKU021
2025-08-31,-1177.5777160453815,SKU021
2025-09-30,-3898.5583425888544,SKU021
2025-10-31,-3363.973156157912,SKU021
2025-11-30,-274.2107960679057,SKU021
2025-12-31,-3654.3811900774917,SKU021
2026-01-31,-2041.6008322945202,SKU021
2026-02-28,-2007.2395751007875,SKU021
2026-03-31,-2142.7058566439428,SKU021
2025-04-30,244.82302931870834,SKU022
2025-05-31,1541.9756381640177,SKU022
2025-06-30,-1507.832253364521,SKU022
2025-07-31,815.4191268892632,SKU022
2025-08-31,-1738.2995159379327,SKU022
2025-09-30,774.9818120140482,SKU022
2025-10-31,3555.397572747973,SKU022
2025-11-30,181.42675664434432,SKU022
2025-12-31,988.1194970792958,SKU022
2026-01-31,686.2230180978004,SKU022
2026-02-28,853.2621447157908,SKU022
2026-03-31,730.0204390326891,SKU022
2025-04-30,1699.6066235922094,SKU023
2025-05-31,1467.2870049250225,SKU023
2025-06-30,2358.7691720805115,SKU023
2025-07-31,4285.024310590366,SKU023
2025-08-31,96.3218312678764,SKU023
2025-09-30,4305.333560229618,SKU023
2025-10-31,2460.345725828183,SKU023
2025-11-30,3128.396810863497,SKU023
2025-12-31,2127.612375146675,SKU023
2026-01-31,3238.9695539829054,SKU023
2026-02-28,3066.4726619727826,SKU023
2026-03-31,3231.067560390569,SKU023
2025-04-30,1321.8698831561387,SKU024
2025-05-31,746.2140046002269,SKU024
2025-06-30,23.70452796899508,SKU024
2025-07-31,168.42387243366204,SKU024
2025-08-31,434.5568683656916,SKU024
2025-09-30,742.9196074809771,SKU024
2025-10-31,1610.3027045128288,SKU024
2025-11-30,951.582611064836,SKU024
2025-12-31,2446.1677835622477,SKU024
2026-01-31,1645.2254524402035,SKU024
2026-02-28,1585.053597874047,SKU024
2026-03-31,1643.398394217399,SKU024
2025-04-30,1609.6433345339374,SKU025
2025-05-31,-140.4824011445861,SKU025
2025-06-30,-69.8674608415298,SKU025
2025-07-31,-56.94865596230284,SKU025
2025-08-31,2263.7619904420726,SKU025
2025-09-30,-1483.5589975632124,SKU025
2025-10-31,2087.035731982515,SKU025
2025-11-30,2121.447353539602,SKU025
2025-12-31,-190.26273180004773,SKU025
2026-01-31,1724.2422637623993,SKU025
2026-02-28,1701.6895119608648,SKU025
2026-03-31,1668.251628591473,SKU025
2025-04-30,3285.559474669936,SKU026
2025-05-31,2766.5965562508204,SKU026
2025-06-30,3137.982052336045,SKU026
2025-07-31,-2778.22497943897,SKU026
2025-08-31,2783.417942470215,SKU026
2025-09-30,10175.615955037058,SKU026
2025-10-31,4603.00069795929,SKU026
2025-11-30,4621.000959194968,SKU026
2025-12-31,6071.929425777631,SKU026
2026-01-31,7244.805814209237,SKU026
2026-02-28,7140.898372301944,SKU026
2026-03-31,7105.492529111961,SKU026
2025-04-30,-827.1944191863954,SKU027
2025-05-31,-2002.8117786094908,SKU027
2025-06-30,624.3232901578366,SKU027
2025-07-31,1073.7829821347764,SKU027
2025-08-31,-5723.723221375263,SKU027
2025-09-30,-848.7623461145947,SKU027
2025-10-31,3505.287995120517,SKU027
2025-11-30,-3583.5941424400658,SKU027
2025-12-31,-2474.045621350062,SKU027
2026-01-31,-1341.7291514446017,SKU027
2026-02-28,-1474.0309387564441,SKU027
2026-03-31,-1357.42992914299,SKU027
2025-04-30,-1633.331857853083,SKU028
2025-05-31,3023.542117253044,SKU028
2025-06-30,-2348.4196359474217,SKU028
2025-07-31,3654.159653727491,SKU028
2025-08-31,-1477.587853857394,SKU028
2025-09-30,-580.8948110272672,SKU028
2025-10-31,1524.0323822671949,SKU028
2025-11-30,-3306.6728922802554,SKU028
2025-12-31,2269.2723625737926,SKU028
2026-01-31,655.9103246371651,SKU028
2026-02-28,588.1533519153096,SKU028
2026-03-31,629.1810655507799,SKU028
2025-04-30,1926.6292265280447,SKU029
2025-05-31,2550.187849433811,SKU029
2025-06-30,-3413.213373850381,SKU029
2025-07-31,-3385.9137336770864,SKU029
2025-08-31,-3914.128552025152,SKU029
2025-09-30,-1245.778154162551,SKU029
2025-10-31,-490.2953514034605,SKU029
2025-11-30,-528.0988893005974,SKU029
2025-12-31,464.68078703333276,SKU029
2026-01-31,-2074.2672438909653,SKU029
2026-02-28,-1894.9061283536573,SKU029
2026-03-31,-1925.024767678351,SKU029
2025-04-30,47.3035966158572,SKU030
2025-05-31,-797.3225506212806,SKU030
2025-06-30,135.32303555607047,SKU030
2025-07-31,20.415531090938202,SKU030
2025-08-31,1049.5066243487477,SKU030
2025-09-30,152.0168345184117,SKU030
2025-10-31,1065.7054795339527,SKU030
2025-11-30,1206.948205113063,SKU030
2025-12-31,1951.4986244829634,SKU030
2026-01-31,1106.0710310588054,SKU030
2026-02-28,1049.9586344710297,SKU030
2026-03-31,1077.0223697088982,SKU030
2025-04-30,-1118.2507272504483,SKU031
2025-05-31,-927.3384862500827,SKU031
2025-06-30,-2589.7090884078075,SKU031
2025-07-31,-60.728004390300526,SKU031
2025-08-31,-1490.9928157153295,SKU031
2025-09-30,4592.191361341713,SKU031
2025-10-31,159.9581680925724,SKU031
2025-11-30,530.1702356596061,SKU031
2025-12-31,-2160.8596830219403,SKU031
2026-01-31,664.1122287135323,SKU031
2026-02-28,642.3288693238816,SKU031
2026-03-31,662.1279787637454,SKU031
2025-04-30,1278.7620559754482,SKU032
2025-05-31,-3141.318174859313,SKU032
2025-06-30,-4386.105026316537,SKU032
2025-07-31,-3453.2397465670833,SKU032
2025-08-31,1394.351725430392,SKU032
2025-09-30,-829.1103734746767,SKU032
2025-10-31,1850.3875995495966,SKU032
2025-11-30,-3577.0840356344715,SKU032
2025-12-31,-2061.014846856693,SKU032
2026-01-31,-1736.1711051623215,SKU032
2026-02-28,-1495.1574004096087,SKU032
2026-03-31,-1695.9883666990108,SKU032
2025-04-30,831.687042308029,SKU033
2025-05-31,1538.3535421982162,SKU033
2025-06-30,2374.8698514716025,SKU033
2025-07-31,1231.0251061947106,SKU033
2025-08-31,1574.8258805398898,SKU033
2025-09-30,863.5681009941455,SKU033
2025-10-31,3510.0044722735574,SKU033
2025-11-30,2284.0871315787954,SKU033
2025-12-31,277.1705512742733,SKU033
2026-01-31,2722.2564749380726,SKU033
2026-02-28,2711.414221238742,SKU033
2026-03-31,2684.556443526802,SKU033
2025-04-30,72.79279708767041,SKU034
2025-05-31,-616.8355501944399,SKU034
2025-06-30,-1434.442040640594,SKU034
2025-07-31,-414.57409580744053,SKU034
2025-08-31,-1849.6624211586336,SKU034
2025-09-30,923.0510789127818,SKU034
2025-10-31,-431.89764009836415,SKU034
2025-11-30,-1607.7051038335703,SKU034
2025-12-31,-1701.2259089365825,SKU034
2026-01-31,-1302.7079844996383,SKU034
2026-02-28,-1342.9914704612008,SKU034
2026-03-31,-1303.7877861538286,SKU034
2025-04-30,-206.40484955388501,SKU035
2025-05-31,1311.794786359883,SKU035
2025-06-30,5193.021011986135,SKU035
2025-07-31,9487.252613490755,SKU035
2025-08-31,9878.74959893897,SKU035
2025-09-30,6693.833593998813,SKU035
2025-10-31,10076.667564602345,SKU035
2025-11-30,6895.743883263886,SKU035
2025-12-31,3122.2196586190403,SKU035
2026-01-31,9866.187480697045,SKU035
2026-02-28,9712.78867928869,SKU035
2026-03-31,9791.909824706569,SKU035
2025-04-30,-182.73719335734734,SKU036
2025-05-31,1703.2662268973681,SKU036
2025-06-30,220.1388754417991,SKU036
2025-07-31,1720.7292417020617,SKU036
2025-08-31,2544.0778056774243,SKU036
2025-09-30,1360.9528328926863,SKU036
2025-10-31,60.27513910781636,SKU036
2025-11-30,-59.38094536228323,SKU036
2025-12-31,3030.53341650707,SKU036
2026-01-31,1604.2270024553172,SKU036
2026-02-28,1615.2159796416395,SKU036
2026-03-31,1674.9370853266764,SKU036
2025-04-30,-3999.289806339329,SKU037
2025-05-31,-2356.4692969532844,SKU037
2025-06-30,-569.0302376961233,SKU037
2025-07-31,-1318.0539453477968,SKU037
2025-08-31,-1235.8482256454615,SKU037
2025-09-30,-1691.0488789851815,SKU037
2025-10-31,79.0219236846151,SKU037
2025-11-30,-4585.890127704621,SKU037
2025-12-31,-2825.3540545357455,SKU037
2026-01-31,-1647.3461396690363,SKU037
2026-02-28,-1577.7189618014258,SKU037
2026-03-31,-1556.7144131703649,SKU037
2025-04-30,-373.6191136333624,SKU038
2025-05-31,-748.1574502722231,SKU038
2025-06-30,271.92939913222347,SKU038
2025-07-31,-1785.3695432559684,SKU038
2025-08-31,-1017.104789708843,SKU038
2025-09-30,-1316.980946313089,SKU038
2025-10-31,-659.3592552426828,SKU038
2025-11-30,-1171.3988683315806,SKU038
2025-12-31,-2160.9361840397396,SKU038
2026-01-31,-1596.9551957085407,SKU038
2026-02-28,-1543.9373435192795,SKU038
2026-03-31,-1586.5930197947052,SKU038
2025-04-30,-74.55226714234806,SKU039
2025-05-31,-52.51982530966342,SKU039
2025-06-30,1652.5420374623218,SKU039
2025-07-31,-890.5596155020133,SKU039
2025-08-31,-306.22999433095697,SKU039
2025-09-30,822.3496852817711,SKU039
2025-10-31,1251.2801464509848,SKU039
2025-11-30,3236.159644591174,SKU039
2025-12-31,30.65475392060739,SKU039
2026-01-31,1354.2980949603548,SKU039
2026-02-28,1289.326087936857,SKU039
2026-03-31,1301.5472064301857,SKU039
2025-04-30,-369.1883719013025,SKU040
2025-05-31,2137.4266957697946,SKU040
2025-06-30,1632.4860107381323,SKU040
2025-07-31,-677.2374006277194,SKU040
2025-08-31,-4182.171190127959,SKU040
2025-09-30,1118.6471006318607,SKU040
2025-10-31,4551.745322160305,SKU040
2025-11-30,3811.5964342328552,SKU040
2025-12-31,3662.343696999372,SKU040
2026-01-31,882.3198200135446,SKU040
2026-02-28,1031.5444250652686,SKU040
2026-03-31,985.7040669409191,SKU040
2025-04-30,-172.54565513930214,SKU041
2025-05-31,-842.7218325419394,SKU041
2025-06-30,-2802.613459071949,SKU041
2025-07-31,721.5664343050829,SKU041
2025-08-31,-1411.4472875158926,SKU041
2025-09-30,429.83360327259504,SKU041
2025-10-31,-2683.1491255353712,SKU041
2025-11-30,-444.4185164063636,SKU041
2025-12-31,290.46784095914734,SKU041
2026-01-31,-760.4846495095574,SKU041
2026-02-28,-941.2576826996952,SKU041
2026-03-31,-742.9508389804186,SKU041
2025-04-30,1128.9275482811977,SKU042
2025-05-31,-1004.6630359119724,SKU042
2025-06-30,11.177641781041615,SKU042
2025-07-31,-599.527006357237,SKU042
2025-08-31,365.2080892973767,SKU042
2025-09-30,1494.0649333857618,SKU042
2025-10-31,1099.4684924154574,SKU042
2025-11-30,181.70974377396846,SKU042
2025-12-31,-363.0393551528269,SKU042
2026-01-31,452.3115017749714,SKU042
2026-02-28,443.30213406277466,SKU042
2026-03-31,470.474386956503,SKU042
2025-04-30,2340.120613250072,SKU043
2025-05-31,-562.015029268455,SKU043
2025-06-30,-3964.6465071766283,SKU043
2025-07-31,1115.5161823216883,SKU043
2025-08-31,1196.7313823032296,SKU043
2025-09-30,-1427.7830148613825,SKU043
2025-10-31,1379.66567393641,SKU043
2025-11-30,3293.7020787625224,SKU043
2025-12-31,2362.9464664436214,SKU043
2026-01-31,1742.4121410556681,SKU043
2026-02-28,1598.8716905778022,SKU043
2026-03-31,1717.0146124125674,SKU043
2025-04-30,2151.006755581544,SKU044
2025-05-31,-683.6153704107037,SKU044
2025-06-30,1607.4118346662233,SKU044
2025-07-31,2323.986401307916,SKU044
2025-08-31,5654.5509258587435,SKU044
2025-09-30,-838.0968380696454,SKU044
2025-10-31,4474.587843692328,SKU044
2025-11-30,3382.789131992139,SKU044
2025-12-31,-62.03198927755557,SKU044
2026-01-31,3163.51749367511,SKU044
2026-02-28,3153.397062180263,SKU044
2026-03-31,3114.761613365841,SKU044
2025-04-30,1139.0954448021869,SKU045
2025-05-31,-1651.016226143708,SKU045
2025-06-30,1446.9531068218664,SKU045
2025-07-31,1124.121354242006,SKU045
2025-08-31,-1255.5504749998256,SKU045
2025-09-30,-1701.056922933338,SKU045
2025-10-31,-410.3411581619447,SKU045
2025-11-30,-1133.9866571532832,SKU045
2025-12-31,-449.1826852666055,SKU045
2026-01-31,-241.97937269824305,SKU045
2026-02-28,-314.6503850917714,SKU045
2026-03-31,-202.00392601567847,SKU045
2025-04-30,6829.869415896352,SKU046
2025-05-31,4356.559444786717,SKU046
2025-06-30,3317.2969964951385,SKU046
2025-07-31,7108.21108737446,SKU046
2025-08-31,10432.138310516351,SKU046
2025-09-30,11219.614176187362,SKU046
2025-10-31,-571.8701498553164,SKU046
2025-11-30,5386.7146790304205,SKU046
2025-12-31,18708.345065869813,SKU046
2026-01-31,12050.237447587253,SKU046
2026-02-28,12024.295611546517,SKU046
2026-03-31,12226.308087672736,SKU046
2025-04-30,519.869938055873,SKU047
2025-05-31,-1473.7410398381753,SKU047
2025-06-30,-3340.1146452682533,SKU047
2025-07-31,700.7349452136278,SKU047
2025-08-31,-2523.509947842038,SKU047
2025-09-30,1001.4016565625762,SKU047
2025-10-31,-425.3847107664935,SKU047
2025-11-30,-2600.1326821973726,SKU047
2025-12-31,-58.50259290532756,SKU047
2026-01-31,-300.0672739080287,SKU047
2026-02-28,-151.23927493151075,SKU047
2026-03-31,-240.34333396607565,SKU047
2025-04-30,1978.7081280886987,SKU048
2025-05-31,-166.0257649687557,SKU048
2025-06-30,-3805.3069509991356,SKU048
2025-07-31,3134.5181767994172,SKU048
2025-08-31,1617.9370084936033,SKU048
2025-09-30,1552.2633445878687,SKU048
2025-10-31,323.35886151595844,SKU048
2025-11-30,-2830.4141264407235,SKU048
2025-12-31,5033.801879063845,SKU048
2026-01-31,1196.5702452549708,SKU048
2026-02-28,1122.4596479988938,SKU048
2026-03-31,1039.77177647483,SKU048
2025-04-30,97.82642932157134,SKU049
2025-05-31,-345.60488386452647,SKU049
2025-06-30,156.77087402227238,SKU049
2025-07-31,-1066.2280382417928,SKU049
2025-08-31,1805.5245048266052,SKU049
2025-09-30,851.2700817699713,SKU049
2025-10-31,-885.9694586313349,SKU049
2025-11-30,1652.5651180192401,SKU049
2025-12-31,2128.121983826166,SKU049
2026-01-31,949.927254376074,SKU049
2026-02-28,950.0101313977638,SKU049
2026-03-31,913.5814831062734,SKU049
2025-04-30,-696.0151359508985,SKU050
2025-05-31,677.6806894978708,SKU050
2025-06-30,1901.1634138091558,SKU050
2025-07-31,2658.5508065986196,SKU050
2025-08-31,3273.303015983619,SKU050
2025-09-30,-26.511971345905522,SKU050
2025-10-31,1686.340048125725,SKU050
2025-11-30,1870.9711120017923,SKU050
2025-12-31,5027.052639144518,SKU050
2026-01-31,3152.197301935702,SKU050
2026-02-28,3249.764750610389,SKU050
2026-03-31,3175.957882760194,SKU050
2025-04-30,1425.286374539887,SKU051
2025-05-31,2600.2156811233885,SKU051
2025-06-30,1807.0389236071014,SKU051
2025-07-31,-4743.136136263202,SKU051
2025-08-31,1087.2359350289694,SKU051
2025-09-30,1463.1389553284143,SKU051
2025-10-31,-3.628331214815944,SKU051
2025-11-30,2548.603897293907,SKU051
2025-12-31,1906.8013254988366,SKU051
2026-01-31,1202.6691085916523,SKU051
2026-02-28,1363.5614116358797,SKU051
2026-03-31,1272.8116242881347,SKU051
2025-04-30,3328.017596633963,SKU052
2025-05-31,3730.97697406731,SKU052
2025-06-30,751.2763978040842,SKU052
2025-07-31,1279.2090443616203,SKU052
2025-08-31,1980.783234695975,SKU052
2025-09-30,4474.939480653673,SKU052
2025-10-31,558.6342964921055,SKU052
2025-11-30,1179.4254512778743,SKU052
2025-12-31,3450.9611231627905,SKU052
2026-01-31,3492.030285925591,SKU052
2026-02-28,3437.150683255086,SKU052
2026-03-31,3505.029288760558,SKU052
2025-04-30,2024.6758388670155,SKU053
2025-05-31,5264.586521444004,SKU053
2025-06-30,146.6333743551836,SKU053
2025-07-31,3516.614793534992,SKU053
2025-08-31,1929.2601155879033,SKU053
2025-09-30,-1457.911778471038,SKU053
2025-10-31,4814.707601573627,SKU053
2025-11-30,1337.8054160551385,SKU053
2025-12-31,816.4377958743376,SKU053
2026-01-31,3471.934086626333,SKU053
2026-02-28,3563.4679537279058,SKU053
2026-03-31,3600.800122585361,SKU053
2025-04-30,-994.8521410825294,SKU054
2025-05-31,1088.1558287788996,SKU054
2025-06-30,3513.6044228405353,SKU054
2025-07-31,3718.609371202002,SKU054
2025-08-31,4362.43598535154,SKU054
2025-09-30,4675.615321861772,SKU054
2025-10-31,6900.849752484923,SKU054
2025-11-30,4294.62769943365,SKU054
2025-12-31,8439.346884702194,SKU054
2026-01-31,7120.455972317686,SKU054
2026-02-28,7103.918096096704,SKU054
2026-03-31,7034.944617473342,SKU054
2025-04-30,-371.85675823371736,SKU055
2025-05-31,-1479.6555280325938,SKU055
2025-06-30,-869.6025648967592,SKU055
2025-07-31,-2350.104675304148,SKU055
2025-08-31,-265.2596965883313,SKU055
2025-09-30,-2303.312803726511,SKU055
2025-10-31,-705.6367370795589,SKU055
2025-11-30,-1032.5304031400406,SKU055
2025-12-31,-2673.040911398708,SKU055
2026-01-31,-1358.7539459745456,SKU055
2026-02-28,-1378.6944336420129,SKU055
2026-03-31,-1367.5480372050006,SKU055
2025-04-30,-249.45477275812414,SKU056
2025-05-31,-3935.897866830024,SKU056
2025-06-30,-3732.051003304021,SKU056
2025-07-31,-2997.701366639763,SKU056
2025-08-31,-872.1162176963403,SKU056
2025-09-30,-3251.3118077569993,SKU056
2025-10-31,-3289.348786566193,SKU056
2025-11-30,-7233.964024499646,SKU056
2025-12-31,-4899.630825703282,SKU056
2026-01-31,-5458.872344870704,SKU056
2026-02-28,-5512.692345824162,SKU056
2026-03-31,-5457.903084402288,SKU056
2025-04-30,723.3258570329018,SKU057
2025-05-31,340.8073755216016,SKU057
2025-06-30,519.81598259925,SKU057
2025-07-31,-645.6678829652237,SKU057
2025-08-31,-1267.0427388896803,SKU057
2025-09-30,496.5305652876178,SKU057
2025-10-31,71.40008374392119,SKU057
2025-11-30,-423.0582411933941,SKU057
2025-12-31,195.5760061216939,SKU057
2026-01-31,91.75058569179214,SKU057
2026-02-28,100.04769204882145,SKU057
2026-03-31,149.30763255092617,SKU057
2025-04-30,1210.100155813269,SKU058
2025-05-31,-215.00476795321896,SKU058
2025-06-30,535.1320952160942,SKU058
2025-07-31,1526.9889450061305,SKU058
2025-08-31,1561.8490853765338,SKU058
2025-09-30,-1173.7473012401867,SKU058
2025-10-31,-689.9478497058584,SKU058
2025-11-30,1893.821456700757,SKU058
2025-12-31,-991.3666821790272,SKU058
2026-01-31,612.1259022289914,SKU058
2026-02-28,652.8625493023127,SKU058
2026-03-31,680.3454335731834,SKU058
2025-04-30,-705.0916456024574,SKU059
2025-05-31,-1585.2830334438295,SKU059
2025-06-30,1482.8311973215666,SKU059
2025-07-31,4804.946507893448,SKU059
2025-08-31,2379.5226300678714,SKU059
2025-09-30,6635.397708885765,SKU059
2025-10-31,4895.667517717016,SKU059
2025-11-30,-700.2319616207105,SKU059
2025-12-31,-3481.7808589785636,SKU059
2026-01-31,3954.1509116976376,SKU059
2026-02-28,3605.49155755295,SKU059
2026-03-31,3742.1693197019763,SKU059
2025-04-30,-1232.5823375366167,SKU060
2025-05-31,1192.464878080142,SKU060
2025-06-30,-1570.6417414458942,SKU060
2025-07-31,2455.6233149156283,SKU060
2025-08-31,-1426.9643024576142,SKU060
2025-09-30,3904.759742861159,SKU060
2025-10-31,1837.0241534001607,SKU060
2025-11-30,1313.9184189900334,SKU060
2025-12-31,-1644.0180314750553,SKU060
2026-01-31,772.0532614631691,SKU060
2026-02-28,755.5884871835541,SKU060
2026-03-31,785.3678555936795,SKU060
2025-04-30,-2242.5169750650907,SKU061
2025-05-31,-664.9263609198523,SKU061
2025-06-30,-2026.8971844997895,SKU061
2025-07-31,-2429.20693514554,SKU061
2025-08-31,-1423.5870759876034,SKU061
2025-09-30,-2992.8966598703196,SKU061
2025-10-31,-1669.6210222900868,SKU061
2025-11-30,-98.82514324074054,SKU061
2025-12-31,-2880.5683642242698,SKU061
2026-01-31,-2479.0425722497826,SKU061
2026-02-28,-2530.1867655723513,SKU061
2026-03-31,-2440.420240113099,SKU061
2025-04-30,24.140558022862024,SKU062
2025-05-31,7971.590444525912,SKU062
2025-06-30,2457.3829865120556,SKU062
2025-07-31,-3120.100675024165,SKU062
2025-08-31,2095.388534970098,SKU062
2025-09-30,280.1010859945038,SKU062
2025-10-31,3011.9590077467387,SKU062
2025-11-30,4196.334043544368,SKU062
2025-12-31,570.6956920356183,SKU062
2026-01-31,1073.285221012999,SKU062
2026-02-28,965.0367805861779,SKU062
2026-03-31,1154.5066488905604,SKU062
2025-04-30,620.4980460502858,SKU063
2025-05-31,3554.6706391142693,SKU063
2025-06-30,1454.4768433660222,SKU063
2025-07-31,3833.158095590239,SKU063
2025-08-31,2404.3740977215357,SKU063
2025-09-30,3350.0604586007285,SKU063
2025-10-31,317.76155288576956,SKU063
2025-11-30,-847.2984929886643,SKU063
2025-12-31,1954.3463359938414,SKU063
2026-01-31,3792.292676378253,SKU063
2026-02-28,3668.600172446338,SKU063
2026-03-31,3764.9759293394454,SKU063
2025-04-30,-478.8897236650434,SKU064
2025-05-31,-2794.3223878340436,SKU064
2025-06-30,1901.074444470041,SKU064
2025-07-31,2945.8877346765535,SKU064
2025-08-31,2779.341901849566,SKU064
2025-09-30,-1197.7174249658221,SKU064
2025-10-31,1614.5643153038282,SKU064
2025-11-30,-5562.677674813356,SKU064
2025-12-31,3047.513395318877,SKU064
2026-01-31,453.6807554933148,SKU064
2026-02-28,524.5785701468545,SKU064
2026-03-31,403.10753488967,SKU064
2025-04-30,-636.1266799829494,SKU065
2025-05-31,-945.1055586549986,SKU065
2025-06-30,350.81595151398983,SKU065
2025-07-31,1630.0068268704445,SKU065
2025-08-31,1468.6116220634226,SKU065
2025-09-30,-2095.212373517955,SKU065
2025-10-31,-95.00450236901551,SKU065
2025-11-30,-2029.9971097410212,SKU065
2025-12-31,1900.7441952128565,SKU065
2026-01-31,-392.97792166994674,SKU065
2026-02-28,-554.0959690211968,SKU065
2026-03-31,-472.1150948828904,SKU065
2025-04-30,-1145.5180703041472,SKU066
2025-05-31,261.35400771789864,SKU066
2025-06-30,-1350.3289002661775,SKU066
2025-07-31,-1035.9427583469405,SKU066
2025-08-31,-1813.9347766083952,SKU066
2025-09-30,32.215608903006796,SKU066
2025-10-31,-1085.0605966001156,SKU066
2025-11-30,-1786.932959331235,SKU066
2025-12-31,-3101.951318191379,SKU066
2026-01-31,-2033.2078036540188,SKU066
2026-02-28,-2068.1291447911967,SKU066
2026-03-31,-2034.9375784415356,SKU066
2025-04-30,1049.5057993829803,SKU067
2025-05-31,-718.5271168033478,SKU067
2025-06-30,-1788.483433520081,SKU067
2025-07-31,1050.7665501707218,SKU067
2025-08-31,-1243.678864844228,SKU067
2025-09-30,-4373.867551361674,SKU067
2025-10-31,-130.8937331399393,SKU067
2025-11-30,1612.4695747354622,SKU067
2025-12-31,-203.41489992525248,SKU067
2026-01-31,-765.1760384734513,SKU067
2026-02-28,-652.5137056979213,SKU067
2026-03-31,-666.278965941068,SKU067
2025-04-30,-338.3720730700486,SKU068
2025-05-31,-959.4479023197035,SKU068
2025-06-30,3392.4700672130384,SKU068
2025-07-31,2989.996036519038,SKU068
2025-08-31,-3857.5495456419944,SKU068
2025-09-30,-3344.918488535349,SKU068
2025-10-31,-7975.760609760104,SKU068
2025-11-30,-3411.1608355370627,SKU068
2025-12-31,219.63644684230349,SKU068
2026-01-31,-3575.061783904732,SKU068
2026-02-28,-3660.741984623601,SKU068
2026-03-31,-3571.8136422640546,SKU068
2025-04-30,-144.56530787013457,SKU069
2025-05-31,-2051.7262371572483,SKU069
2025-06-30,-2094.976459314677,SKU069
2025-07-31,-1024.2561007483985,SKU069
2025-08-31,-1511.5093389865206,SKU069
2025-09-30,-3638.063935577702,SKU069
2025-10-31,-4695.910222218167,SKU069
2025-11-30,-3608.635422095257,SKU069
2025-12-31,-4781.215422179319,SKU069
2026-01-31,-4020.2398913251373,SKU069
2026-02-28,-3917.9171527116696,SKU069
2026-03-31,-3994.0460410515934,SKU069
2025-04-30,-2155.5934465405353,SKU070
2025-05-31,99.72100776789976,SKU070
2025-06-30,684.4181750404312,SKU070
2025-07-31,-1604.9968904948562,SKU070
2025-08-31,-530.0560033792866,SKU070
2025-09-30,2695.5681004714966,SKU070
2025-10-31,966.099813976228,SKU070
2025-11-30,-456.7986502776221,SKU070
2025-12-31,-1129.2145612086708,SKU070
2026-01-31,334.82068287194494,SKU070
2026-02-28,230.13467895238804,SKU070
2026-03-31,277.6967127928098,SKU070
2025-04-30,207.91172724921842,SKU071
2025-05-31,-684.6680332962278,SKU071
2025-06-30,776.4841028189072,SKU071
2025-07-31,-1163.0196295557992,SKU071
2025-08-31,-5386.310859307843,SKU071
2025-09-30,1555.800486576364,SKU071
2025-10-31,3911.8836219265136,SKU071
2025-11-30,1548.7802106063546,SKU071
2025-12-31,-1705.3770243939457,SKU071
2026-01-31,1464.9375090005033,SKU071
2026-02-28,1524.4519879248103,SKU071
2026-03-31,1557.4936215243195,SKU071
2025-04-30,266.277687893834,SKU072
2025-05-31,1490.6394183309515,SKU072
2025-06-30,3725.2951153473305,SKU072
2025-07-31,-1982.4933609770758,SKU072
2025-08-31,-2143.277022090332,SKU072
2025-09-30,3468.6497191882177,SKU072
2025-10-31,2411.7337575060546,SKU072
2025-11-30,2515.803352621173,SKU072
2025-12-31,3184.0532793812927,SKU072
2026-01-31,2446.1379880530867,SKU072
2026-02-28,2461.8322539965116,SKU072
2026-03-31,2486.9316810352093,SKU072
2025-04-30,811.533996424424,SKU073
2025-05-31,-2333.145642392344,SKU073
2025-06-30,1562.0255472320334,SKU073
2025-07-31,1753.2663000048956,SKU073
2025-08-31,932.97439708573,SKU073
2025-09-30,-3328.00079302436,SKU073
2025-10-31,2581.875351999656,SKU073
2025-11-30,-4012.18075530242,SKU073
2025-12-31,-1107.7556881367461,SKU073
2026-01-31,358.6082070555647,SKU073
2026-02-28,301.9652758880348,SKU073
2026-03-31,455.5876380057107,SKU073
2025-04-30,1022.658163797294,SKU074
2025-05-31,-1122.323524173792,SKU074
2025-06-30,136.98277307112983,SKU074
2025-07-31,-2944.7256459396913,SKU074
2025-08-31,-2296.100917721418,SKU074
2025-09-30,1203.040130740405,SKU074
2025-10-31,622.6653646741584,SKU074
2025-11-30,191.3005204599488,SKU074
2025-12-31,-1018.5961967540434,SKU074
2026-01-31,253.1762281407975,SKU074
2026-02-28,278.1294103865784,SKU074
2026-03-31,184.1470964813362,SKU074
2025-04-30,-1822.0202418648337,SKU075
2025-05-31,554.5530875066387,SKU075
2025-06-30,-626.2139516512112,SKU075
2025-07-31,211.54999851244304,SKU075
2025-08-31,-1699.9009110040406,SKU075
2025-09-30,-761.7335385914604,SKU075
2025-10-31,-1079.2403705633076,SKU075
2025-11-30,-2351.4483489853214,SKU075
2025-12-31,902.7251450882163,SKU075
2026-01-31,-1101.1419977537025,SKU075
2026-02-28,-1131.270973984514,SKU075
2026-03-31,-1024.563106672184,SKU075
2025-04-30,712.2894871953862,SKU076
2025-05-31,-3539.941072789758,SKU076
2025-06-30,1319.1196158272946,SKU076
2025-07-31,2132.367370471694,SKU076
2025-08-31,-2463.6351218349223,SKU076
2025-09-30,-5138.344934166997,SKU076
2025-10-31,-2205.1890918141125,SKU076
2025-11-30,-3428.9145499527003,SKU076
2025-12-31,3335.15199618552,SKU076
2026-01-31,-1713.7572727037102,SKU076
2026-02-28,-2001.1501352455216,SKU076
2026-03-31,-1787.1689972548145,SKU076
2025-04-30,-3895.810927678406,SKU077
2025-05-31,-5625.938392840748,SKU077
2025-06-30,968.9735258301675,SKU077
2025-07-31,-5484.720158673174,SKU077
2025-08-31,-283.2610918503992,SKU077
2025-09-30,-4892.857735171777,SKU077
2025-10-31,-5811.193806639216,SKU077
2025-11-30,-5038.901723722845,SKU077
2025-12-31,-5407.903136279121,SKU077
2026-01-31,-5910.636671219181,SKU077
2026-02-28,-5872.221530397273,SKU077
2026-03-31,-5862.53005497885,SKU077
2025-04-30,-4586.141435224246,SKU078
2025-05-31,-2112.798134524178,SKU078
2025-06-30,-301.24072634848716,SKU078
2025-07-31,3787.4677904854966,SKU078
2025-08-31,5088.315117546147,SKU078
2025-09-30,-2864.9183759195607,SKU078
2025-10-31,2056.7994738814195,SKU078
2025-11-30,-1149.1782028690636,SKU078
2025-12-31,-4498.5860268786755,SKU078
2026-01-31,-482.7306486935472,SKU078
2026-02-28,-551.8764423762727,SKU078
2026-03-31,-615.6438149503466,SKU078
2025-04-30,-965.0114027803247,SKU079
2025-05-31,-811.5083693391468,SKU079
2025-06-30,4169.679430737733,SKU079
2025-07-31,-4153.31979868876,SKU079
2025-08-31,1212.8375673305302,SKU079
2025-09-30,288.68904043441626,SKU079
2025-10-31,-1729.5365098748305,SKU079
2025-11-30,1131.4811777693872,SKU079
2025-12-31,-1151.3148611582155,SKU079
2026-01-31,-589.1930579152728,SKU079
2026-02-28,-505.81967782446486,SKU079
2026-03-31,-462.1541618990034,SKU079
2025-04-30,-3100.9159176643293,SKU080
2025-05-31,-1623.6612514521253,SKU080
2025-06-30,210.1571437879511,SKU080
2025-07-31,-2164.6608228583123,SKU080
2025-08-31,-3030.4088541926076,SKU080
2025-09-30,-3473.9697874070753,SKU080
2025-10-31,-4466.326136477781,SKU080
2025-11-30,-1269.3832626950382,SKU080
2025-12-31,39.23194805605499,SKU080
2026-01-31,-3450.1763724160232,SKU080
2026-02-28,-3358.770555460348,SKU080
2026-03-31,-3200.670619389321,SKU080
2025-04-30,-799.5843875373455,SKU081
2025-05-31,-121.82270546139375,SKU081
2025-06-30,2396.6397263841736,SKU081
2025-07-31,1334.5293022937628,SKU081
2025-08-31,1564.297093880452,SKU081
2025-09-30,2258.5916733067515,SKU081
2025-10-31,-540.3488995208036,SKU081
2025-11-30,2406.23792071552,SKU081
2025-12-31,1117.6340636926552,SKU081
2026-01-31,1740.3455334388527,SKU081
2026-02-28,1789.6493239956735,SKU081
2026-03-31,1871.5445372681982,SKU081
2025-04-30,3541.1380563879934,SKU082
2025-05-31,-1910.0855906719212,SKU082
2025-06-30,-1985.8402331384275,SKU082
2025-07-31,-3252.5310732598386,SKU082
2025-08-31,2484.8423942241448,SKU082
2025-09-30,-1918.421100003257,SKU082
2025-10-31,-2887.0344731674213,SKU082
2025-11-30,-51.4931195070817,SKU082
2025-12-31,-3641.741274037181,SKU082
2026-01-31,-1331.4132662795062,SKU082
2026-02-28,-1366.4679183571657,SKU082
2026-03-31,-1344.0203766820591,SKU082
2025-04-30,826.6849738733263,SKU083
2025-05-31,-5940.878257352239,SKU083
2025-06-30,335.2075731304925,SKU083
2025-07-31,-1092.5656957553733,SKU083
2025-08-31,572.5851974888382,SKU083
2025-09-30,-501.78672851916804,SKU083
2025-10-31,2718.0688523761683,SKU083
2025-11-30,-1421.2025948876985,SKU083
2025-12-31,-4903.39516490381,SKU083
2026-01-31,-1913.8753921882467,SKU083
2026-02-28,-2212.7655303080355,SKU083
2026-03-31,-2217.4606689675725,SKU083
2025-04-30,3419.6484524783136,SKU084
2025-05-31,-2570.8691475856153,SKU084
2025-06-30,-3616.8181124787466,SKU084
2025-07-31,2872.714772298716,SKU084
2025-08-31,-654.0266562788033,SKU084
2025-09-30,-3622.5144007136723,SKU084
2025-10-31,-4380.852770742248,SKU084
2025-11-30,963.0459938277797,SKU084
2025-12-31,5006.301369130258,SKU084
2026-01-31,-465.04660261198427,SKU084
2026-02-28,-379.51902343766096,SKU084
2026-03-31,-413.120256332204,SKU084
2025-04-30,-4400.3317032344385,SKU085
2025-05-31,-1567.8048247094957,SKU085
2025-06-30,-1636.4932683735515,SKU085
2025-07-31,135.40707546055785,SKU085
2025-08-31,-293.68048491845354,SKU085
2025-09-30,1.1446366805662365,SKU085
2025-10-31,378.7783872327242,SKU085
2025-11-30,246.18413974534587,SKU085
2025-12-31,-339.4033228845556,SKU085
2026-01-31,487.41983494320897,SKU085
2026-02-28,416.4194394690378,SKU085
2026-03-31,413.38470259502316,SKU085
2025-04-30,-1374.5967944271813,SKU086
2025-05-31,-3404.507844553303,SKU086
2025-06-30,5623.892597645032,SKU086
2025-07-31,-537.3850770342556,SKU086
2025-08-31,1789.3112918417098,SKU086
2025-09-30,4081.5286016836667,SKU086
2025-10-31,7293.058129572528,SKU086
2025-11-30,3164.6136964684347,SKU086
2025-12-31,482.4724840560525,SKU086
2026-01-31,3457.041054774878,SKU086
2026-02-28,3653.3422411594506,SKU086
2026-03-31,3565.0969944392746,SKU086
2025-04-30,-2884.7506850287573,SKU087
2025-05-31,-905.3653348328501,SKU087
2025-06-30,1317.1931018527944,SKU087
2025-07-31,2191.343768618423,SKU087
2025-08-31,2520.849470678825,SKU087
2025-09-30,403.1543422889346,SKU087
2025-10-31,-1992.1480911754638,SKU087
2025-11-30,-2237.374489309673,SKU087
2025-12-31,642.7684057111561,SKU087
2026-01-31,401.08642456670145,SKU087
2026-02-28,336.5993726007046,SKU087
2026-03-31,323.9260025054168,SKU087
2025-04-30,-2297.5608707768697,SKU088
2025-05-31,727.1780287737188,SKU088
2025-06-30,-6133.6984964017665,SKU088
2025-07-31,-1347.6780158761342,SKU088
2025-08-31,-983.9289460311008,SKU088
2025-09-30,-2976.381592748148,SKU088
2025-10-31,-5768.178875889125,SKU088
2025-11-30,-3305.091161228279,SKU088
2025-12-31,-1208.5727473590055,SKU088
2026-01-31,-3972.913083606088,SKU088
2026-02-28,-3961.4732345630127,SKU088
2026-03-31,-4023.753242695615,SKU088
2025-04-30,-1276.996702743248,SKU089
2025-05-31,2851.0010381498178,SKU089
2025-06-30,2096.7817736573456,SKU089
2025-07-31,2835.069946616082,SKU089
2025-08-31,687.525552303973,SKU089
2025-09-30,2281.444038880238,SKU089
2025-10-31,2245.5856142061934,SKU089
2025-11-30,1334.525012960637,SKU089
2025-12-31,2922.425901132084,SKU089
2026-01-31,3645.066257921245,SKU089
2026-02-28,3479.2615135604565,SKU089
2026-03-31,3367.539018847792,SKU089
2025-04-30,879.9034384306354,SKU090
2025-05-31,583.7860146556854,SKU090
2025-06-30,2585.295730630325,SKU090
2025-07-31,-168.20594518053076,SKU090
2025-08-31,6026.888382076878,SKU090
2025-09-30,1558.9081340471757,SKU090
2025-10-31,2288.3053282445558,SKU090
2025-11-30,3050.1197550756906,SKU090
2025-12-31,486.234977509132,SKU090
2026-01-31,2978.468777163023,SKU090
2026-02-28,2958.707332150726,SKU090
2026-03-31,2974.881409886918,SKU090
2025-04-30,-677.3007844974668,SKU091
2025-05-31,2096.8742033087765,SKU091
2025-06-30,-224.55090984547238,SKU091
2025-07-31,-1263.7400105557456,SKU091
2025-08-31,-2924.2104456622164,SKU091
2025-09-30,543.9792880569162,SKU091
2025-10-31,-1522.8096060248795,SKU091
2025-11-30,1521.0343633304892,SKU091
2025-12-31,-3341.6868286656445,SKU091
2026-01-31,-394.5740737264407,SKU091
2026-02-28,-542.2337825782134,SKU091
2026-03-31,-362.4990715181706,SKU091
2025-04-30,-598.050026221257,SKU092
2025-05-31,1328.3433392039478,SKU092
2025-06-30,-490.49755238995004,SKU092
2025-07-31,-2121.624485967753,SKU092
2025-08-31,2802.010430270355,SKU092
2025-09-30,-1239.619143295605,SKU092
2025-10-31,-2325.861709550403,SKU092
2025-11-30,-4785.451601330686,SKU092
2025-12-31,-4343.13187591557,SKU092
2026-01-31,-2015.1696649447335,SKU092
2026-02-28,-2023.1375797282526,SKU092
2026-03-31,-2029.8294242674572,SKU092
2025-04-30,2805.8257916044404,SKU093
2025-05-31,2943.8386608893543,SKU093
2025-06-30,3909.51983999374,SKU093
2025-07-31,-420.92258347997677,SKU093
2025-08-31,1901.3209272741185,SKU093
2025-09-30,1213.6627876899893,SKU093
2025-10-31,4036.9152917778597,SKU093
2025-11-30,4775.212570330374,SKU093
2025-12-31,4568.940581083483,SKU093
2026-01-31,4871.136243072908,SKU093
2026-02-28,4889.97720214772,SKU093
2026-03-31,4945.760827325954,SKU093
2025-04-30,1703.039713882668,SKU094
2025-05-31,1055.3576465298993,SKU094
2025-06-30,1170.8711072699343,SKU094
2025-07-31,3313.2681383971567,SKU094
2025-08-31,840.5895202780097,SKU094
2025-09-30,1666.6125757847733,SKU094
2025-10-31,1868.7358222682576,SKU094
2025-11-30,2123.5518833805945,SKU094
2025-12-31,3038.8732082526803,SKU094
2026-01-31,2812.045653767798,SKU094
2026-02-28,2772.806703374669,SKU094
2026-03-31,2788.729557496274,SKU094
2025-04-30,1813.936389824245,SKU095
2025-05-31,287.4699019893785,SKU095
2025-06-30,-2424.498893505898,SKU095
2025-07-31,262.93845837989323,SKU095
2025-08-31,-1029.3896789987914,SKU095
2025-09-30,-1062.9911565057841,SKU095
2025-10-31,118.38464126016947,SKU095
2025-11-30,51.35327913828576,SKU095
2025-12-31,-1423.0124085133882,SKU095
2026-01-31,-514.6991823493867,SKU095
2026-02-28,-465.75118970246035,SKU095
2026-03-31,-481.3281227803425,SKU095
2025-04-30,-734.2270647152617,SKU096
2025-05-31,-1430.310114891171,SKU096
2025-06-30,-1896.7490374178738,SKU096
2025-07-31,-2074.4281959649043,SKU096
2025-08-31,1462.2442769923696,SKU096
2025-09-30,-135.08231636132018,SKU096
2025-10-31,-1810.0955258742238,SKU096
2025-11-30,-5893.751429495346,SKU096
2025-12-31,-5599.515132741428,SKU096
2026-01-31,-2086.1313413626926,SKU096
2026-02-28,-2301.962127685364,SKU096
2026-03-31,-2148.8577543228225,SKU096
2025-04-30,-2555.9578584516435,SKU097
2025-05-31,38.4498092374663,SKU097
2025-06-30,-368.5496317541972,SKU097
2025-07-31,-2737.258340161346,SKU097
2025-08-31,-2675.22247596121,SKU097
2025-09-30,-1731.992363816254,SKU097
2025-10-31,-5580.336637789456,SKU097
2025-11-30,-2560.451861564111,SKU097
2025-12-31,-873.8028472605811,SKU097
2026-01-31,-3094.0561630883176,SKU097
2026-02-28,-3090.288500397041,SKU097
2026-03-31,-2985.7981011765196,SKU097
2025-04-30,-1114.8570769880052,SKU098
2025-05-31,-560.1661864206357,SKU098
2025-06-30,1380.6782944621891,SKU098
2025-07-31,-2557.7106795230125,SKU098
2025-08-31,-1628.6092353471063,SKU098
2025-09-30,123.54991645496864,SKU098
2025-10-31,1142.5486668864928,SKU098
2025-11-30,1593.36866848465,SKU098
2025-12-31,-476.363863388166,SKU098
2026-01-31,9.205275584029266,SKU098
2026-02-28,27.462843262822503,SKU098
2026-03-31,-25.980246162847777,SKU098
2025-04-30,6934.4632742636095,SKU099
2025-05-31,730.884362787441,SKU099
2025-06-30,-53.14217476612862,SKU099
2025-07-31,371.71274114777157,SKU099
2025-08-31,2671.8699656104723,SKU099
2025-09-30,482.5739940776907,SKU099
2025-10-31,539.3822882722134,SKU099
2025-11-30,4159.4654724932825,SKU099
2025-12-31,2404.827176463633,SKU099
2026-01-31,2416.151065798177,SKU099
2026-02-28,2548.5031492938583,SKU099
2026-03-31,2456.076706043871,SKU099
2025-04-30,1240.0123188505472,SKU100
2025-05-31,1667.1452201652426,SKU100
2025-06-30,-949.4008090825267,SKU100
2025-07-31,265.69393892836024,SKU100
2025-08-31,-2475.7987935832657,SKU100
2025-09-30,2571.255932415619,SKU100
2025-10-31,149.86808310104016,SKU100
2025-11-30,1267.1183212039564,SKU100
2025-12-31,-71.9103336417628,SKU100
2026-01-31,588.8632311007624,SKU100
2026-02-28,676.2507670562093,SKU100
2026-03-31,715.3122431858941,SKU100
